variant,200-300,200-400,300-700,400-500,400-600,800-900,800-1000,800-1200,1400-1500,1400-1600,1800-1900,1800-2000,1800-2200,2000-2400,2400-2600,2400-2800,2800-3200,3800-4200,4800-5200,5800-6200,6800-7200,7800-8200,8800-9200
ablation01_small_with_size_features,,0.633,,,0.863,,2.264,,,3.578,,4.567,,,6.401,,,,,,,,
ablation01_transformer_baseline,,0.811,,,1.081,,1.794,,,2.449,,3.205,,,4.325,4.249,,,,,,,
ablation02_large_finetune_with_size_features,,0.767,,,0.821,,1.594,,,3.394,,4.329,,,5.945,,,,,,,,
ablation02_transformer_size_injection,,0.805,,,1.006,,1.704,,,2.299,,3.039,,,4.066,4.053,,,,,,,
ablation03_large_frozen_finetune_with_size_features,,0.686,,,0.845,,1.722,,,3.414,,4.287,,,6.018,,,,,,,,
ablation03_perceiver_fixed_tokens,,0.794,,,1.023,,1.744,,,2.375,,3.012,,,3.879,4.057,,,,,,,
ablation04_large_frozen_add_transformers_with_size_features,,0.653,,,0.854,,1.795,,,3.193,,4.184,,,5.824,,,,,,,,
ablation04_perceiver_dynamic_tokens,,0.817,,,1.078,,1.792,,,2.442,,3.054,,,3.986,4.219,,,,,,,
ablation05_large_frozen_add_gnns_with_size_features,,0.698,,,0.858,,1.698,,,2.608,,3.417,,,4.937,,,,,,,,
ablation05_perceiver_hybrid_metis,,4.641,,,6.468,,10.020,,,12.334,,14.053,,,4.212,,,,,,,,
ablation06_small_without_size_features,,0.655,,,0.897,,2.294,,,3.662,,4.911,,,6.431,,,,,,,,
ablation07_small_with_size_features_and_size_injection,,0.686,,,0.902,,1.887,,,2.711,,3.634,,,5.031,,,,,,,,
ablation08_depth_4x_local_blocks,,0.708,,,0.937,,1.865,,,2.648,,3.500,,,4.720,,,,,,,,
ablation09_perceiver_global,,0.747,,,1.005,,1.945,,,2.887,,3.725,,,5.257,,,,,,,,
ablation11_combined_4x_local_linear_attn,,0.652,,,0.869,,1.999,,,2.807,,3.702,,,5.210,,,,,,,,
ablation12_pure_gnn_topo_only,,0.859,,,1.126,,2.457,,,3.834,,4.746,,,6.378,,,,,,,,
ablation13_small_with_size_features_and_eigenvectors,,0.702,,,0.937,,2.190,,,3.473,,4.467,,,6.143,,,,,,,,
ablation14_depth_12x_local_blocks,,0.710,,,0.931,,1.858,,,2.631,,3.492,,,4.578,,,,,,,,
add_gnn_peft_500_1000,,0.946,,,1.272,,2.042,,,3.115,,4.205,,,,6.192,,,,,,,
add_transformer_peft_500_1000,,0.931,,,1.519,,2.901,,,4.738,,5.896,,,,8.065,,,,,,,
film_decoder_peft_1000_2000,,0.830,,,1.066,,1.616,,,2.191,,2.866,,,,3.752,,,,,,,
full_finetune_1000_2000,,0.874,,,1.104,,1.416,,,1.923,,2.804,,,,3.720,,,,,,,
full_finetune_500_1000,,1.013,,,1.499,,2.769,,,4.454,,5.556,,,,8.013,,,,,,,
full_finetune_500_1000_seed1,,0.934,,,1.479,,2.810,,,4.517,,5.588,,,,7.553,,,,,,,
full_finetune_500_1000_seed2,,0.932,,,1.477,,2.813,,,4.522,,5.598,,,,7.542,,,,,,,
full_finetune_500_1000_seed3,,0.933,,,1.478,,2.810,,,4.515,,5.590,,,,7.540,,,,,,,
global_peft_1000_2000,,0.811,,,1.051,,1.681,,,2.254,,2.991,,,,4.008,,,,,,,
gnn_only_500_1000,,0.992,,,1.496,,2.809,,,4.536,,5.587,,,,7.802,,,,,,,
local_peft_1000_2000,,0.900,,,1.089,,1.428,,,1.933,,2.863,,,,3.761,,,,,,,
loop_dual_peft_k6_500_1000,,1.035,,,1.250,,1.886,,,2.513,,3.242,,,,4.583,,,,,,,
loop_dual_peft_k8_500_1000,,1.038,,,1.279,,1.891,,,2.550,,3.270,,,,4.665,,,,,,,
loop_dual_peft_transformer_k6_500_1000,,0.871,,,1.003,,1.591,,,2.162,,2.797,,,,3.748,,,,,,,
loop_dual_peft_transformer_k8_500_1000,,0.867,,,0.996,,1.575,,,2.126,,2.744,,,,3.487,,,,,,,
loop_no_ctrl_k2_500_1000,,1.022,,,1.556,,2.879,,,4.612,,5.668,,,,7.775,,,,,,,
loop_no_ctrl_k2_500_1000_seed1,,1.001,,,1.510,,2.795,,,4.406,,5.376,,,,7.255,,,,,,,
loop_no_ctrl_k2_500_1000_seed2,,1.013,,,1.521,,2.796,,,4.390,,5.366,,,,7.239,,,,,,,
loop_no_ctrl_k2_500_1000_seed3,,1.006,,,1.513,,2.797,,,4.405,,5.386,,,,7.257,,,,,,,
loop_no_ctrl_k6_500_1000,,1.166,,,1.657,,2.926,,,4.638,,5.661,,,,7.778,,,,,,,
loop_peft_500_1000,,1.015,,,1.289,,2.098,,,3.161,,4.044,,,,5.850,,,,,,,
loop_peft_500_1000_seed1,,1.004,,,1.267,,2.060,,,3.104,,3.973,,,,5.618,,,,,,,
loop_peft_500_1000_seed2,,1.001,,,1.282,,2.068,,,3.086,,3.948,,,,5.611,,,,,,,
loop_peft_500_1000_seed3,,1.005,,,1.270,,2.052,,,3.058,,3.930,,,,5.587,,,,,,,
loop_peft_k4_500_1000,,1.065,,,1.259,,1.878,,,2.616,,3.336,,,,4.683,,,,,,,
loop_peft_k6_500_1000,,1.082,,,1.291,,1.884,,,2.583,,3.247,,,,4.517,,,,,,,
loop_peft_k6_500_1000_seed1,,1.069,,,1.288,,1.887,,,2.522,,3.144,,,,4.336,,,,,,,
loop_peft_k6_500_1000_seed2,,1.089,,,1.301,,1.881,,,2.552,,3.137,,,,4.293,,,,,,,
loop_peft_k6_500_1000_seed3,,1.091,,,1.300,,1.877,,,2.511,,3.149,,,,4.305,,,,,,,
loop_peft_k8_500_1000,,1.097,,,1.319,,1.908,,,2.604,,3.313,,,,4.911,,,,,,,
loop_peft_k8_mixed_100_1000,,0.939,,,1.394,,2.343,,,3.570,,4.611,,,,6.582,,,,,,,
loop_peft_pondernet_k8_mixed_100_1000,,0.901,,,1.406,,2.485,,,3.968,,5.017,,,,7.144,,,,,,,
loop_peft_transformer_k6_500_1000,,0.879,,,1.010,,1.644,,,2.192,,2.742,,,,3.594,,,,,,,
loop_peft_transformer_k8_500_1000,,0.871,,,0.976,,1.571,,,2.063,,2.688,,,,3.524,,,,,,,
loop_staged_peft_k6_500_1000,,1.105,,,1.306,,1.873,,,2.480,,3.189,,,,4.206,,,,,,,
loop_staged_peft_k8_500_1000,,1.083,,,1.291,,1.845,,,2.425,,3.108,,,,4.014,,,,,,,
loop_steer_per_block_500_1000,,1.003,,,1.285,,2.077,,,3.150,,4.106,,,,5.897,,,,,,,
loop_triple_peft_k2_500_1000,,0.973,,,1.256,,2.035,,,3.112,,3.991,,,,5.959,,,,,,,
loop_triple_peft_k4_500_1000,,0.972,,,1.174,,1.862,,,2.639,,3.385,,,,4.889,,,,,,,
loop_triple_peft_k6_500_1000,,1.001,,,1.164,,1.802,,,2.403,,3.078,,,,4.132,,,,,,,
loop_triple_peft_k8_500_1000,,1.019,,,1.173,,1.797,,,2.400,,3.062,,,,3.910,,,,,,,
loop_tune_k2_500_1000,,0.911,,,1.123,,1.864,,,2.773,,3.657,,,,5.266,,,,,,,
loop_tune_k6_500_1000,,0.845,,,1.048,,1.611,,,2.166,,2.699,,,,3.601,,,,,,,
pretrain_baseline_0_500,,0.920,,,1.511,,3.004,,,5.014,,6.165,,,,8.504,,,,,,,
regression_packing_alg_baseline,,,0.704,,,,,1.570,,,,,2.948,,,,4.627,6.096,9.110,11.988,12.894,15.113,16.556
regression_packing_alg_large_late_global_additive_more_global_blocks_frozen_base_noninterleaved,0.597,,0.880,1.016,,1.871,,1.994,3.320,,4.393,,4.211,5.114,,,6.324,7.933,10.975,,,,
regression_packing_alg_large_late_global_additive_more_local_blocks_frozen_base_noninterleaved,0.643,,0.828,0.927,,1.557,,1.689,2.602,,3.613,,3.548,4.239,,,5.348,6.968,10.029,,,,
regression_packing_alg_large_late_global_finetune_full_noninterleaved,0.717,,0.793,0.860,,1.472,,1.617,3.073,,4.200,,4.017,4.923,,,6.258,7.931,10.890,,,,
regression_packing_alg_large_late_global_finetune_global_decoder_noninterleaved,0.639,,0.836,0.949,,1.714,,1.825,3.141,,4.293,,4.091,5.031,,,6.191,7.822,10.906,,,,
regression_packing_alg_large_late_global_finetune_local_decoder_noninterleaved,0.704,,0.842,0.922,,1.685,,1.787,3.123,,4.249,,4.076,5.017,,,6.266,7.804,10.729,,,,
regression_packing_alg_small_late_global_baseline_noninterleaved,0.572,,0.900,1.100,,2.076,,2.207,3.738,,4.912,,4.715,5.604,,,7.096,8.704,11.855,,,,
size_film_1000_2000,,0.872,,,1.123,,1.415,,,1.892,,2.850,,,,3.709,,,,,,,
size_film_peft_500_1000,,0.970,,,1.510,,2.842,,,4.611,,5.737,,,,8.080,,,,,,,
size_gen_combo_dynamic_token_perceiver_v2,,0.709,,,0.931,,1.836,,,2.669,,3.675,,,5.304,,,,,,,,
size_gen_combo_dynamic_token_perceiver_v2_large,,0.817,,,0.885,,1.528,,,2.351,,3.006,,,3.898,,,,,,,,
size_gen_combo_small_only,,0.736,,,0.975,,1.827,,,2.617,,3.347,,,4.628,,,,,,,,
size_gen_combo_two_stage_large,,0.721,,,0.889,,1.658,,,2.379,,3.089,,,4.209,,,,,,,,
transformer_only_500_1000,,0.958,,,1.504,,2.875,,,4.620,,5.786,,,,7.947,,,,,,,
